{
  "num_samples": 1000,
  "mean_dice": 0.9239447116851807,
  "mean_iou": 0.8613472373395659,
  "mean_precision": 0.9119768582181346,
  "mean_recall": 0.9409982858403517
}