{
  "num_samples": 8379,
  "mean_dice": 0.9078949093818665,
  "mean_iou": 0.8360067033487831,
  "mean_precision": 0.901696340624628,
  "mean_recall": 0.9219646489635867
}