{
  "num_samples": 85,
  "mean_dice": 0.8055927753448486,
  "mean_iou": 0.6986444551679347,
  "mean_precision": 0.7975188050407306,
  "mean_recall": 0.8847477502918455
}